"Hotel","Trip style","Area","Approx USD per room per night","Price checked","Price basis and fee limits","Price context","Room and family setup","Review sources checked","Sampled guest themes","Most important check","Map","Source page","Live comparison"
"Embassy Suites by Hilton Chicago Downtown Magnificent Mile","Two-room suite, breakfast, and pool","Streeterville","$280-$550+","2026-07-23","Historical July 23, 2026 research-pack planning bands from summer-2026 stay examples and two-adult public examples where party size was shown, widened editorially for room and date variation; exact room and stay-date details incomplete, two example date labels ambiguous; tax and mandatory-fee inclusion varies; parking separate; not a family-room or Kids Suite quote","A July 23 public example was about $282 total; larger suites, weekends, and event dates can move much higher.","Hilton lists suites, made-to-order breakfast, an evening reception, indoor pool, cribs, and a daily destination charge. Children 17 and under stay free in the same suite with a parent; exact bedding and occupancy still depend on the suite.","2026-07-23","The inspected sample included positive mentions of suite space, breakfast, pool, and location. It also surfaced elevator disruption, crowding, room condition, towels, and housekeeping.","Confirm exact suite bedding and occupancy, current elevator and pool status, destination charge, parking, and final total.","https://www.google.com/maps/search/?api=1&query=Embassy%20Suites%20Chicago%20Downtown%20Magnificent%20Mile","https://familytripwise.com/where-to-stay/chicago-family-hotels.html#sources-checked","https://familytripwise.com/where-to-stay/chicago-family-hotels.html#hotel-comparison"
"Homewood Suites by Hilton Chicago-Downtown","Kitchen, breakfast, and indoor-pool base","River North","$210-$450+","2026-07-23","Historical July 23, 2026 research-pack planning bands from summer-2026 stay examples and two-adult public examples where party size was shown, widened editorially for room and date variation; exact room and stay-date details incomplete, two example date labels ambiguous; tax and mandatory-fee inclusion varies; parking separate; not a family-room or Kids Suite quote","A July 23 public one-night example was about $209 total; one-bedroom categories and peak dates can move higher.","Hilton lists a full kitchen, free hot breakfast, indoor pool, connecting rooms, and a location one block from Michigan Avenue. Confirm a true one-bedroom category when a door between sleep and living space matters.","2026-07-23","The inspected sample included positive mentions of suite space, kitchen, breakfast, location, and the pool. It also surfaced dated condition, city noise, pool availability or crowding, breakfast variation, and valet waits or billing.","Confirm the exact suite layout, pool status, breakfast setup, recent room condition, valet total, and final price.","https://www.google.com/maps/search/?api=1&query=Homewood%20Suites%20by%20Hilton%20Chicago%20Downtown%2040%20East%20Grand","https://familytripwise.com/where-to-stay/chicago-family-hotels.html#sources-checked","https://familytripwise.com/where-to-stay/chicago-family-hotels.html#hotel-comparison"
"Residence Inn Chicago Downtown/River North","Kitchen and breakfast without a pool requirement","River North","$270-$500+","2026-07-23","Historical July 23, 2026 research-pack planning bands from summer-2026 stay examples and two-adult public examples where party size was shown, widened editorially for room and date variation; exact room and stay-date details incomplete, two example date labels ambiguous; tax and mandatory-fee inclusion varies; parking separate; not a family-room or Kids Suite quote","A July 23 public example was about $268 total, while a stronger-demand summer date was reported near $382.","Marriott lists all suites, full-size kitchens, complimentary hot breakfast, on-site laundry, grocery-shopping service, and self or valet parking. Bedding, sofa-bed setup, and whether the sleeping area has a door vary by category.","2026-07-23","The inspected sample included positive mentions of kitchens, breakfast, location, staff, and suite usefulness. It also surfaced room-specific city noise, kitchen supplies, the small gym, and summer value.","Confirm bedding, bedroom separation, sofa-bed setup, kitchen equipment, parking, and the final total for the same suite.","https://www.google.com/maps/search/?api=1&query=Residence%20Inn%20Chicago%20Downtown%20River%20North","https://familytripwise.com/where-to-stay/chicago-family-hotels.html#sources-checked","https://familytripwise.com/where-to-stay/chicago-family-hotels.html#hotel-comparison"
"Sable at Navy Pier Chicago, Curio Collection by Hilton","Navy Pier-centered younger-child trip","Navy Pier / Streeterville","$310-$650+","2026-07-23","Historical July 23, 2026 research-pack planning bands from summer-2026 stay examples and two-adult public examples where party size was shown, widened editorially for room and date variation; exact room and stay-date details incomplete, two example date labels ambiguous; tax and mandatory-fee inclusion varies; parking separate; not a family-room or Kids Suite quote","A July 23 public one-night example was about $311 total; pier events, views, suites, and weekends can move higher.","Official sources list two-queen rooms and suites sleeping four, mini fridges, cribs, confirmed connecting rooms, paid breakfast, and pier parking. The property has no pool.","2026-07-23","The inspected sample included positive mentions of views, room condition, and Navy Pier access. It also surfaced the long pier approach, wayfinding, parking cost, service inconsistency, and elevator disruption.","Decide whether a pier base helps more than it complicates other days, then verify bedding, event calendar, parking, and final total.","https://www.google.com/maps/search/?api=1&query=Sable%20at%20Navy%20Pier%20Chicago","https://familytripwise.com/where-to-stay/chicago-family-hotels.html#sources-checked","https://familytripwise.com/where-to-stay/chicago-family-hotels.html#hotel-comparison"
"Swissotel Chicago","Purpose-built Kids Suite","New Eastside","$240-$550+","2026-07-23","Historical July 23, 2026 research-pack planning bands from summer-2026 stay examples and two-adult public examples where party size was shown, widened editorially for room and date variation; exact room and stay-date details incomplete, two example date labels ambiguous; tax and mandatory-fee inclusion varies; parking separate; not a family-room or Kids Suite quote","The planning range starts from standard-room evidence, not a Kids Suite quote; the Kids Suite offer and mandatory experience fee can move higher.","The Kids Suite offer lists a two-room setup with a dedicated children's space and breakfast for two adults and up to two children, subject to availability. Public standard double-room inventory lists two double beds for four.","2026-07-23","The inspected sample included positive mentions of views, river or lake location, room size, and staff. It also surfaced dated finishes, the experience fee, parking access, room assignment or service inconsistency, and offer availability.","Confirm the actual Kids Suite, breakfast terms, fee, parking, bedding, and final total rather than assuming a standard room includes the family setup.","https://www.google.com/maps/search/?api=1&query=Swissotel%20Chicago","https://familytripwise.com/where-to-stay/chicago-family-hotels.html#sources-checked","https://familytripwise.com/where-to-stay/chicago-family-hotels.html#hotel-comparison"
"InterContinental Chicago Magnificent Mile","Historic indoor-pool base","Magnificent Mile","$300-$600+","2026-07-23","Historical July 23, 2026 research-pack planning bands from summer-2026 stay examples and two-adult public examples where party size was shown, widened editorially for room and date variation; exact room and stay-date details incomplete, two example date labels ambiguous; tax and mandatory-fee inclusion varies; parking separate; not a family-room or Kids Suite quote","A July 23 public one-night example was about $305 total; larger rooms, events, and weekends can move higher.","IHG lists classic and premium rooms with two double beds or one king, connecting rooms and cribs by request, and a heated junior Olympic-size indoor pool. Notice rechecked September 22, 2026: IHG still publishes an August 10-September 16 project schedule, with August 11 and September 10 closures; the notice omits the year, while its amenities page dates the September 10 closure to 2026. The published window has passed, but completion and current access are unconfirmed. The notice describes project-period daytime construction, unavailable locker rooms, relocated pool movies and unavailable Resort Pass purchases, not verified conditions today. Published hours also conflict: 7am-10pm on the pool page versus 5am-10pm on amenities. Confirm current hours, changing facilities and guest or day-pass access for your visit.","2026-07-23","The inspected sample included positive mentions of the pool, location, historic character, and staff. It also surfaced pool crowding or depth, variable rooms, maintenance details, and parking cost.","Recheck current pool access and project conditions, depth fit, exact two-double room, connecting request, parking, and final total.","https://www.google.com/maps/search/?api=1&query=InterContinental%20Chicago%20Magnificent%20Mile","https://familytripwise.com/where-to-stay/chicago-family-hotels.html#sources-checked","https://familytripwise.com/where-to-stay/chicago-family-hotels.html#hotel-comparison"
"Hilton Chicago","Museum Campus and Grant Park base","South Loop","$320-$650+","2026-07-23","Historical July 23, 2026 research-pack planning bands from summer-2026 stay examples and two-adult public examples where party size was shown, widened editorially for room and date variation; exact room and stay-date details incomplete, two example date labels ambiguous; tax and mandatory-fee inclusion varies; parking separate; not a family-room or Kids Suite quote","The planning range includes standard-room evidence, not a specialty-layout quote; specialty layouts and convention dates can move far higher.","Hilton lists two-double rooms sleeping four, an indoor pool, connecting rooms, cribs, game room, and larger family-connection or specialty layouts. Standard and specialty options differ sharply in space and total price.","2026-07-23","The inspected sample included positive mentions of Grant Park location, historic public spaces, pool, staff, and larger layouts. It also surfaced housekeeping consistency, dated-room variation, event-scale crowds, and parking cost.","Compare the standard room with the exact larger layout needed, then verify pool, event calendar, parking, and final total.","https://www.google.com/maps/search/?api=1&query=Hilton%20Chicago%20720%20South%20Michigan%20Avenue","https://familytripwise.com/where-to-stay/chicago-family-hotels.html#sources-checked","https://familytripwise.com/where-to-stay/chicago-family-hotels.html#hotel-comparison"
"Hotel Zachary Chicago, a Tribute Portfolio Hotel","Wrigleyville and older-kid trip","Lakeview / Wrigleyville","$360-$750+","2026-07-23","Historical July 23, 2026 research-pack planning bands from summer-2026 stay examples and two-adult public examples where party size was shown, widened editorially for room and date variation; exact room and stay-date details incomplete, two example date labels ambiguous; tax and mandatory-fee inclusion varies; parking separate; not a family-room or Kids Suite quote","A July 23 public one-night example was about $363 total; Cubs games and concerts can invalidate the low end.","Official pages list king and double-queen rooms directly across from Wrigley Field, with neighborhood dining and ballpark-view categories.","2026-07-23","The inspected sample included positive mentions of Wrigley views, room condition, staff, and event convenience. It also surfaced event pricing, noise, blocked streets or rideshare friction, parking, breakfast cost, and limited cold storage.","Check the Wrigley event calendar first, then bedding, refrigerator status, post-event transport, parking, and final total.","https://www.google.com/maps/search/?api=1&query=Hotel%20Zachary%20Chicago","https://familytripwise.com/where-to-stay/chicago-family-hotels.html#sources-checked","https://familytripwise.com/where-to-stay/chicago-family-hotels.html#hotel-comparison"
"Four Seasons Hotel Chicago","Luxury family amenities and pool","Gold Coast","$630-$1,200+","2026-07-23","Historical July 23, 2026 research-pack planning bands from summer-2026 stay examples and two-adult public examples where party size was shown, widened editorially for room and date variation; exact room and stay-date details incomplete, two example date labels ambiguous; tax and mandatory-fee inclusion varies; parking separate; not a family-room or Kids Suite quote","A July 23 public one-night example was about $630 total; two-double rooms, suites, weekends, dining, and parking can move much higher.","Current Four Seasons materials list a 44-foot indoor pool, family programming and child amenities, complimentary dining for children under five under stated terms, and two-double lake-view rooms for four.","2026-07-23","The inspected sample included positive mentions of service, pool, child amenities, views, room space, and location. It also surfaced the high total, occasional service mismatch, pool crowding, and room-layout questions.","Price the exact room or suite and confirm bedding, pool timing, child-dining terms, parking, and the value of the family amenities.","https://www.google.com/maps/search/?api=1&query=Four%20Seasons%20Hotel%20Chicago","https://familytripwise.com/where-to-stay/chicago-family-hotels.html#sources-checked","https://familytripwise.com/where-to-stay/chicago-family-hotels.html#hotel-comparison"
"The Langham, Chicago","Riverfront luxury with a larger pool","Chicago River / River North","$600-$1,200+","2026-07-23","Historical July 23, 2026 research-pack planning bands from summer-2026 stay examples and two-adult public examples where party size was shown, widened editorially for room and date variation; exact room and stay-date details incomplete, two example date labels ambiguous; tax and mandatory-fee inclusion varies; parking separate; not a family-room or Kids Suite quote","A July 23 public one-night example was about $600 total; connecting rooms, suites, club access, food, and parking can move much higher.","Langham lists a 67-foot indoor pool and connecting rooms by request. Its current dedicated Kids Suite page says the play space is open daily, while an older overview still says suspended; the Cinema Suite is separate and subject to availability.","2026-07-23","The inspected sample included positive mentions of room size, river location, pool, service, and cleanliness. It also surfaced weekend pool crowding, food and parking cost, and service or climate-control inconsistency.","Confirm the room and connection, pool child rules, current Kids Suite status and access, food plan, parking, and final total.","https://www.google.com/maps/search/?api=1&query=The%20Langham%20Chicago","https://familytripwise.com/where-to-stay/chicago-family-hotels.html#sources-checked","https://familytripwise.com/where-to-stay/chicago-family-hotels.html#hotel-comparison"
