"Hotel","Trip style","Area","Approx USD per room per night","Price checked","Price basis and fee limits","Price context","Room capacity spot-checked","Named room","Published capacity","Official room source","Most important check","Map","Live comparison"
"Mandalay Bay Resort and Casino","Pool-and-attraction resort","South Strip","$110-$350+","2026-07-22","Historical planning band from mixed public examples; some used two adults, other party and room bases are unknown; tax and mandatory-fee inclusion varies; parking separate; not a current five-person suite quote","A July 22 public low-date example was near $110; weekends, events, and larger rooms can move far higher.","Not individually spot-checked","","","","Confirm which pools and water features operate on the exact dates, room occupancy, final total, parking, and the casino-floor path.","https://www.google.com/maps/search/?api=1&query=Mandalay%20Bay%20Resort%20Las%20Vegas","https://familytripwise.com/where-to-stay/las-vegas-family-hotels.html#hotel-comparison"
"Four Seasons Hotel Las Vegas","Non-gaming luxury with Mandalay access","South Strip","$350-$700+","2026-07-22","Historical planning band from mixed public examples; some used two adults, other party and room bases are unknown; tax and mandatory-fee inclusion varies; parking separate; not a current five-person suite quote","A July 22 public one-night/two-adult example was about $351 with displayed taxes and fees; larger rooms, weekends, dining, and parking can move the stay much higher.","Not individually spot-checked","","","","Price the full stay and verify private and Mandalay pool hours, exact bedding, parking, and whether the south-Strip location fits the plan.","https://www.google.com/maps/search/?api=1&query=Four%20Seasons%20Hotel%20Las%20Vegas","https://familytripwise.com/where-to-stay/las-vegas-family-hotels.html#hotel-comparison"
"Vdara Hotel & Spa","Central non-gaming kitchenette suite","Center Strip / CityCenter","$150-$450+","2026-07-22","Historical planning band from mixed public examples; some used two adults, other party and room bases are unknown; tax and mandatory-fee inclusion varies; parking separate; not a current five-person suite quote","July 22 public examples varied from roughly $150 to more than $450 depending on date and inventory source; the high example included private inventory.","September 16, 2026","Vdara two-bedroom luxury suite","up to six guests","https://vdara.mgmresorts.com/en/hotel.html","Confirm the exact suite bedding, kitchen equipment supplied, parking route, pool season, final total, and cancellation terms.","https://www.google.com/maps/search/?api=1&query=Vdara%20Hotel%20and%20Spa%20Las%20Vegas","https://familytripwise.com/where-to-stay/las-vegas-family-hotels.html#hotel-comparison"
"Marriott's Grand Chateau","Multi-bedroom kitchen and laundry base","Center Strip / Harmon Avenue","$200-$700+","2026-07-22","Historical planning band from mixed public examples; some used two adults, other party and room bases are unknown; tax and mandatory-fee inclusion varies; parking separate; not a current five-person suite quote","July 22 public examples ranged from the low $200s before tax to roughly $700 for higher dates or larger units; villa size is the main comparison point.","September 16, 2026","Grand Chateau two-king two-bedroom villa","up to eight guests","https://www.marriott.com/en-us/hotels/lasvg-marriotts-grand-chateau/rooms/","Compare the exact villa, bedrooms and baths, housekeeping cadence, valet cost and wait, final total, and cancellation terms.","https://www.google.com/maps/search/?api=1&query=Marriott's%20Grand%20Chateau%20Las%20Vegas","https://familytripwise.com/where-to-stay/las-vegas-family-hotels.html#hotel-comparison"
"Tahiti Village Resort","Off-Strip lazy-river suite","South Las Vegas Boulevard","$130-$300+","2026-07-22","Historical planning band from mixed public examples; some used two adults, other party and room bases are unknown; tax and mandatory-fee inclusion varies; parking separate; not a current five-person suite quote","A July 22 public one-night/two-adult example was about $129 with displayed taxes and fees; larger suites and peak pool dates can move higher.","September 16, 2026","Tahiti Village Royal Tahitian","up to eight guests","https://tahitivillage.com/booknow/","Verify the exact kitchen, pool and lazy-river operations, crib or Pack 'n Play availability if needed, shuttle schedule, final total, and cancellation terms.","https://www.google.com/maps/search/?api=1&query=Tahiti%20Village%20Resort%20Las%20Vegas","https://familytripwise.com/where-to-stay/las-vegas-family-hotels.html#hotel-comparison"
"Hilton Vacation Club Cancun Resort Las Vegas","Off-Strip waterslides and family space","South Las Vegas Boulevard","$120-$320+","2026-07-22","Historical planning band from mixed public examples; some used two adults, other party and room bases are unknown; tax and mandatory-fee inclusion varies; parking separate; not a current five-person suite quote","A July 22 public one-night/two-adult example for July 27 was about $119 with displayed taxes and mandatory fees; dates and larger residences can move higher.","September 16, 2026","Cancun two-bedroom suite","four to six guests","https://www.hiltongrandvacations.com/en/resorts-and-destinations/las-vegas/cancun-las-vegas-a-hilton-vacation-club","Confirm the conflicting crib policy if needed, exact suite and kitchen, slide operations and rules, transport plan, final total, and cancellation terms.","https://www.google.com/maps/search/?api=1&query=Hilton%20Vacation%20Club%20Cancun%20Resort%20Las%20Vegas","https://familytripwise.com/where-to-stay/las-vegas-family-hotels.html#hotel-comparison"
"Excalibur Hotel & Casino","Themed lower-price south Strip base","South Strip","$60-$220+","2026-07-22","Historical planning band from mixed public examples; some used two adults, other party and room bases are unknown; tax and mandatory-fee inclusion varies; parking separate; not a current five-person suite quote","A July 22 public low-date example was about $58 with displayed taxes and fees; renovated rooms, weekends, and event dates can move much higher.","Not individually spot-checked","","","","Confirm a renovated room and tower, exact pool season, casino route, final total, parking, and the newest room-condition reviews.","https://www.google.com/maps/search/?api=1&query=Excalibur%20Hotel%20and%20Casino%20Las%20Vegas","https://familytripwise.com/where-to-stay/las-vegas-family-hotels.html#hotel-comparison"
"New York-New York Hotel & Casino","Older-kid Strip energy","South Strip","$80-$300+","2026-07-22","Historical planning band from mixed public examples; some used two adults, other party and room bases are unknown; tax and mandatory-fee inclusion varies; parking separate; not a current five-person suite quote","A July 22 public low-date example was about $79 with displayed taxes and fees; event nights and specific remodeled-room choices can move higher.","Not individually spot-checked","","","","Check coaster height and comfort, room tower, pool season, casino path, event-night price, parking, and final total.","https://www.google.com/maps/search/?api=1&query=New%20York-New%20York%20Hotel%20and%20Casino%20Las%20Vegas","https://familytripwise.com/where-to-stay/las-vegas-family-hotels.html#hotel-comparison"
"Las Vegas Hilton at Resorts World","Modern North Strip resort","North Strip","$150-$350+","2026-07-22","Historical planning band from mixed public examples; some used two adults, other party and room bases are unknown; tax and mandatory-fee inclusion varies; parking separate; not a current five-person suite quote","July 22 public examples ranged from about $134 including fees to the high $200s plus tax, with large offer and date swings.","Not individually spot-checked","","","","Verify which all-ages pools are open, exact Hilton tower and room, internal walking, parking, final total, and cancellation terms.","https://www.google.com/maps/search/?api=1&query=Las%20Vegas%20Hilton%20at%20Resorts%20World","https://familytripwise.com/where-to-stay/las-vegas-family-hotels.html#hotel-comparison"
"Red Rock Casino Resort & Spa","Summerlin nature and stay-put base","Summerlin","$220-$450+","2026-07-22","Historical planning band from mixed public examples; some used two adults, other party and room bases are unknown; tax and mandatory-fee inclusion varies; parking separate; not a current five-person suite quote","A July 22 public one-night/two-adult example was about $219 with displayed taxes and fees; weekends and premium rooms can move higher.","Not individually spot-checked","","","","Confirm pool operations, Kids Quest ages, hours and price, room-to-amenity walking, Red Rock transport, final total, and cancellation terms.","https://www.google.com/maps/search/?api=1&query=Red%20Rock%20Casino%20Resort%20and%20Spa%20Las%20Vegas","https://familytripwise.com/where-to-stay/las-vegas-family-hotels.html#hotel-comparison"
